actual_value,xgb_predicted_value
0.477,0.5409116
0.458,1.0724685
5.00001,4.184029
2.186,2.3717477
2.78,2.2202685
1.587,1.6861564
1.982,2.4295533
1.575,1.6131266
3.4,3.034273
4.466,4.364673
1.232,0.9393297
2.539,1.9880792
2.151,1.6792061
2.205,1.7903221
2.198,2.3872688
1.362,1.677457
1.784,2.258977
1.875,1.9475468
1.398,1.6862445
1.375,1.0773362
4.25,3.7265282
4.056,3.5929642
1.388,1.4219092
5.00001,4.180436
1.621,1.6143334
0.514,0.42307755
1.513,2.1516154
0.948,1.0131104
2.041,1.5670727
3.615,3.855187
0.851,1.3261521
1.384,1.375823
1.375,2.27025
4.65,3.6448963
2.718,2.360211
2.394,2.735199
3.409,3.287517
1.504,1.5001609
1.281,0.9881285
1.56,1.3887242
2.581,3.0021815
0.905,1.1228269
0.713,1.1912475
2.197,2.4408402
1.51,1.4915768
2.901,1.9480772
1.42,1.3941935
2.915,1.6069769
2.554,2.5438235
0.981,1.1071466
2.519,2.135393
1.621,1.9697632
1.294,1.3688489
0.894,0.7415881
1.505,1.5701672
1.338,1.4101814
0.804,0.7361792
2.111,2.2512872
2.556,2.2549431
2.145,1.9341394
5.00001,3.639517
2.021,2.3604817
0.815,1.1292377
0.988,0.98054296
2.819,3.2717376
1.846,1.8396401
2.547,1.47938
1.431,1.5591007
1.625,1.930497
1.426,1.4573449
0.859,1.132001
1.869,2.1289434
0.713,0.83821404
1.744,1.6473178
2.25,1.8598974
1.465,2.1478763
4.05,4.0442653
1.896,2.0115848
1.644,1.8720016
3.375,2.425814
0.725,0.7314129
1.438,1.6325479
1.6,1.6744348
1.181,1.8667816
3.74,3.6463158
2.027,2.4406269
0.966,1.1350495
0.658,0.7176058
1.674,1.7717316
1.798,1.9201938
0.967,1.1429235
2.661,2.633813
0.911,0.72168636
0.498,0.43425244
0.907,1.07686
1.158,1.2325613
2.786,3.838819
2.5,1.8789426
0.85,1.6724586
1.77,1.7214739
0.997,1.6839501
3.576,4.4021783
4.75,3.2202082
2.736,2.5564241
1.824,2.2112956
1.578,1.4182125
1.938,2.106445
3.336,3.1719315
2.646,2.5791023
0.584,0.96530664
1.734,1.721978
2.148,2.2912369
2.0,3.3525677
4.228,3.7097917
0.936,1.5239259
1.222,2.086919
1.676,1.659723
3.036,2.9808233
2.693,2.5182862
2.644,2.1916573
1.91,1.739936
1.538,2.1779554
2.755,3.4448235
2.088,1.8213013
1.423,1.3535609
0.635,0.7941751
0.958,0.91284984
2.317,2.3659863
2.215,3.0765448
0.895,1.4365155
2.26,3.3959227
5.00001,4.624978
2.702,2.8217885
0.596,0.8864593
1.933,2.1093843
1.336,1.3481985
1.619,2.2604535
3.575,2.969752
2.765,2.5493588
4.107,3.0512357
3.75,2.267852
1.352,1.2896806
1.672,1.4793535
2.52,2.521692
3.084,4.15091
1.721,1.3734753
5.00001,4.3890023
1.938,1.7285107
1.052,0.7869427
0.908,1.0148696
1.688,1.8248488
1.621,1.2783298
1.612,1.8357217
1.375,1.4586412
2.893,2.7968702
2.787,2.9654722
1.617,2.2666354
2.31,2.5182085
0.875,1.067262
0.957,1.0899092
2.406,1.970362
2.141,2.1877766
4.286,4.014351
1.25,1.5199136
0.764,0.79711574
2.638,3.134796
1.204,1.797208
1.091,0.88306385
1.706,2.0668228
2.574,2.4130027
3.2,3.6396816
2.896,2.312798
3.073,2.9468284
3.255,3.248533
0.584,0.72384894
0.485,0.07273841
2.167,0.73372537
0.979,1.2320936
1.586,1.7294444
0.69,0.8057471
3.223,3.1436665
4.677,3.3561604
1.63,1.7885915
2.871,2.6600795
0.546,0.44139814
0.904,1.3727967
1.555,1.5925999
1.75,2.4033945
4.112,4.2316318
3.321,2.8657188
1.412,1.4127951
2.471,2.5334039
1.53,1.4891146
1.55,1.8584621
3.908,1.5665971
0.9,0.90362674
1.967,2.050761
0.682,0.7516186
5.00001,5.2999554
0.921,1.3186048
2.979,2.7207928
5.00001,4.879561
3.323,3.1752036
1.711,2.115365
1.521,2.0008607
2.32,2.0981786
1.271,1.5079753
0.875,1.0961932
2.034,1.8437066
2.286,1.8906963
1.167,1.2200526
4.167,4.544791
2.276,2.1749678
2.679,3.1703293
0.972,1.0143719
1.375,1.4645221
1.988,1.609651
0.686,0.4500519
3.525,2.8494773
1.038,1.2572995
1.078,1.119642
1.317,1.5908308
2.713,3.5613172
0.973,1.9038969
0.95,1.0707412
0.675,1.5964421
3.261,2.8423948
0.656,0.96615237
2.256,2.0905483
2.638,2.6699579
3.483,3.0239594
3.25,2.4740393
1.088,1.7276947
4.0,3.9667513
1.384,1.0970892
0.61,0.86467516
4.531,4.5131154
5.00001,5.3109803
1.202,1.489634
3.292,2.7632096
1.963,2.6940749
1.5,1.174898
1.52,1.6840073
1.699,1.5654902
1.375,1.8731025
2.83,2.4946766
4.045,2.6012218
1.935,2.4747937
2.051,2.9511304
1.456,1.4355716
2.25,1.0808927
2.159,2.2311084
1.585,1.6656853
1.247,1.3808972
0.654,0.5995171
2.802,2.2889338
1.805,1.5069398
1.054,1.1902435
1.0,1.3344653
1.663,1.4653893
1.58,1.9557357
2.438,2.723253
3.629,3.8737776
2.019,1.8727481
0.526,0.8531167
5.00001,3.9255776
1.12,1.2379355
2.25,1.9326525
4.399,4.060316
0.883,1.4816232
5.00001,5.079852
2.768,1.7139151
1.792,1.690104
1.997,1.8015862
1.32,1.2994238
0.613,1.3584193
1.719,1.8818078
1.238,1.4463255
1.353,1.3144945
1.371,1.8347579
1.293,1.6840205
2.279,2.6876926
0.944,1.1007637
1.035,1.1856637
3.208,2.8155477
1.25,3.795097
3.324,3.16512
1.591,1.5630513
2.369,2.7026732
4.616,4.7193007
1.569,1.6811695
1.482,1.2972728
1.665,1.461574
1.969,2.1458776
1.678,1.7210945
1.267,0.7730727
5.00001,3.3423486
0.579,0.4945288
2.38,2.3053606
1.42,1.8298528
0.869,1.028841
0.56,0.75820374
5.00001,4.767973
1.124,1.2110627
0.636,0.9442983
4.313,4.674114
2.659,2.1675599
0.58,0.79516655
1.941,2.8445513
1.428,1.6046021
1.787,1.6239613
1.875,2.1680799
2.25,2.6405292
3.13,2.6478553
5.00001,5.4452925
1.536,1.5213265
0.623,0.92194635
1.945,1.917639
1.639,1.6383373
3.988,3.0179203
2.041,2.4914937
1.993,2.3134553
1.767,2.0701678
5.00001,4.887176
2.489,2.046007
1.5,1.488029
2.317,2.0316758
0.58,0.7205813
1.26,1.2931089
1.633,1.4758239
1.134,1.3705381
3.0,2.162228
3.109,3.2851663
2.188,2.0337124
0.704,0.8243415
2.377,2.6322095
1.188,1.0661534
0.731,0.533264
0.75,1.1564903
4.507,4.4736342
2.402,2.4479754
0.658,0.65370363
0.647,0.29518494
1.751,2.2017915
2.237,2.219903
0.963,1.1757727
4.051,3.7091522
3.768,3.271082
5.00001,4.990242
3.5,2.6733334
1.625,2.047201
1.773,1.7963562
0.984,1.1826158
1.388,0.89540136
1.75,2.5177631
2.609,1.9270414
1.047,0.9177645
1.595,2.1369338
2.959,2.9784617
1.375,2.6325734
5.00001,4.1623216
2.27,2.308536
2.639,2.0119123
1.604,1.4934149
1.42,1.8338209
1.625,1.6269051
2.304,2.0933867
5.00001,4.5694575
2.177,2.720681
1.83,2.3507304
2.458,1.970629
1.292,1.3526058
0.604,0.7961617
0.675,0.65251046
2.952,3.0329354
1.926,2.0811625
1.506,1.768331
1.257,1.7775912
0.634,0.8126167
1.513,1.9867396
2.456,3.3735182
5.00001,4.5495496
1.655,1.8070896
1.135,1.2177004
3.222,3.1743665
3.625,3.9257066
0.696,0.79253674
1.561,1.4904586
0.875,1.2043498
1.931,2.3680413
2.18,2.1333148
1.018,1.080848
1.291,1.4616218
1.563,0.90232825
1.832,1.6450884
1.481,1.3552341
5.00001,4.965444
2.221,3.610029
1.676,1.859417
1.845,2.0032759
3.7,3.9847872
2.394,2.557702
1.667,1.5894281
2.333,1.8437567
2.4,2.5829308
0.913,0.73920906
4.835,4.700484
1.505,1.7908145
0.995,1.4618477
2.402,2.1818576
0.955,1.4482749
5.00001,5.3306813
2.516,2.3154247
1.208,1.1070511
1.357,1.2296232
2.254,2.279632
5.00001,3.7986097
0.851,0.8286448
5.00001,4.06139
1.648,1.3669775
1.116,1.2386098
1.61,1.426751
2.137,2.306893
1.165,1.1797231
3.5,3.8002317
1.599,2.2851965
4.383,2.9015841
1.711,1.731828
2.711,2.8368955
5.00001,2.2628167
0.68,1.1505901
1.917,2.1224504
2.559,2.744747
1.125,1.5201153
1.822,1.5616628
3.476,3.2193227
3.32,3.0107949
1.109,1.3018653
2.119,2.2077622
2.625,2.584178
2.379,2.3250816
0.9,1.3345022
4.272,3.6043365
3.705,3.6741478
1.163,1.117114
1.708,1.6064548
2.855,3.1137846
1.115,1.5763184
0.832,1.3524978
2.482,2.6163716
3.955,3.5569162
2.183,2.2297812
5.00001,4.425971
0.889,0.97462565
1.81,1.5766114
2.809,3.217781
3.453,2.7212112
1.81,2.0096788
1.922,2.1056745
0.781,0.6233013
0.75,1.2104791
4.333,4.273681
1.601,1.6553295
1.092,1.2254289
0.962,1.3107529
1.914,1.411884
3.6,2.3790023
1.856,2.195377
1.188,1.0355719
1.227,1.1262971
2.063,1.7264296
1.956,1.4734739
0.756,0.8621493
1.043,1.1538655
3.859,3.7651024
1.139,1.249517
0.794,0.9620974
0.813,0.95537436
1.292,2.1033669
0.735,0.871975
1.759,1.7339034
1.424,1.8448324
2.341,2.2071378
2.867,3.1619933
0.925,1.133078
1.701,1.5532616
1.618,1.5989622
2.253,2.6881568
1.706,1.63244
3.194,3.0842223
0.958,1.0317183
0.734,0.71091014
0.936,1.2235024
0.517,0.54901403
3.587,3.235907
0.647,0.6239764
3.442,3.119915
3.14,3.4304204
1.857,2.320321
2.793,2.4372215
1.194,2.1106088
2.804,2.8534048
1.871,2.1147847
0.838,0.77093667
3.093,2.4634242
2.292,2.6436572
2.45,2.2139983
2.276,3.0094585
5.00001,4.091675
3.208,2.1708517
1.473,1.288082
1.623,1.8161442
2.659,3.065486
5.00001,4.5092893
1.891,1.8436579
3.164,3.4715245
1.819,1.8716004
2.615,2.4883792
0.69,0.56255084
1.813,1.6962743
2.93,3.151944
1.111,1.2976028
2.183,2.7242382
1.472,1.5115349
2.438,1.4448566
2.23,2.2182763
1.375,1.813518
0.606,0.71581143
2.75,1.0979912
3.5,2.0186396
1.712,1.655832
0.835,1.3370829
2.25,3.2050662
1.656,1.7666361
1.52,1.7974974
1.92,2.0345857
2.542,2.5588543
1.5,1.1578112
2.125,2.3954496
0.804,0.7979001
2.065,2.233079
3.311,3.6495988
2.014,2.5639822
1.884,1.8813118
1.954,2.5355175
4.425,4.1278834
1.527,2.2109337
5.00001,5.497443
2.398,2.878771
1.594,1.2416714
0.918,1.0243955
2.409,2.7611527
1.364,1.399517
1.036,1.0020958
1.325,1.352806
2.929,2.6495633
0.628,1.3116386
1.121,1.2640785
0.891,0.994224
1.207,1.3131607
4.714,4.0230684
3.147,3.3848326
2.264,2.5186138
4.097,2.7408612
1.49,1.0656565
1.717,2.9479182
2.355,2.714873
3.228,2.9323332
2.445,2.567778
1.622,1.9499531
3.409,3.7434275
0.574,0.41634864
1.989,2.2191608
1.097,1.6665065
1.375,1.3022286
0.857,0.743591
0.983,0.9186307
1.782,1.6134655
1.375,2.7240372
2.75,2.793775
3.815,2.8590899
5.00001,4.8377995
5.00001,4.8366475
1.792,1.5794964
2.045,1.7265291
3.941,3.8401906
1.844,1.746474
1.74,1.6166064
0.807,1.2392979
1.896,1.7345843
0.6,0.74077964
1.266,1.2821193
2.625,2.432215
1.392,1.6505449
0.513,0.4503431
2.292,2.6691978
1.011,1.7464079
0.977,1.0388952
1.583,1.3979088
3.491,3.821174
0.855,1.4727564
2.141,2.5268915
2.271,2.4477465
1.557,1.3557388
0.668,0.70799243
2.073,2.2159097
2.228,1.819135
3.545,3.5084329
3.405,3.3194628
0.529,0.60539114
1.406,1.8638307
1.508,1.7685254
0.561,0.6080484
2.596,2.8232613
3.189,3.0399594
1.484,2.4588182
2.899,2.377734
1.618,2.895827
2.55,2.0502076
0.875,1.1283855
2.45,3.269957
3.05,2.784083
2.15,3.2661755
2.49,2.4715183
5.00001,5.3370214
3.2,2.0527794
1.74,1.9427905
2.925,2.6050837
5.00001,4.8142567
2.899,3.0443404
4.384,3.528414
1.82,1.9024043
1.705,2.2131112
0.692,0.9045668
0.956,1.123261
2.728,3.390392
0.813,2.0705795
2.724,2.5217464
1.526,1.16251
0.559,0.7107055
2.135,1.9700308
3.313,1.6663508
2.018,1.8567284
0.571,0.78463304
3.318,3.6713412
3.659,2.420013
1.275,0.926431
1.118,1.2196974
3.537,2.8879912
2.293,2.4053519
0.875,1.1137928
2.375,2.3828566
1.133,0.9281835
1.125,0.94300616
1.385,1.4255297
3.074,3.0605187
1.009,1.3509613
0.978,0.84211624
1.767,1.9499477
2.18,2.143727
2.906,2.4887388
1.577,1.8130263
3.48,3.8455486
0.672,0.7305783
2.604,2.2078526
1.236,1.5743039
0.675,0.66144466
1.307,1.4510083
0.66,0.8108114
1.666,1.8374618
2.256,2.1247675
2.571,2.0389385
5.00001,4.4028106
1.139,1.328177
0.91,1.2500767
2.174,2.2312114
0.96,1.117312
1.292,1.4303852
3.502,3.3615773
4.421,4.3725615
2.229,1.41561
0.813,0.89072347
1.606,1.5818856
5.00001,3.478501
3.412,3.5857258
2.879,2.9111855
3.447,4.1794477
1.8,1.862022
1.678,2.7063017
0.55,0.75466
0.508,0.41696432
1.426,2.0943153
2.358,1.9588125
1.127,1.0937967
2.102,2.1174521
2.107,0.9799293
0.654,0.4923889
1.625,2.0966294
1.503,2.0187967
5.00001,4.1734586
1.014,1.3633366
2.218,2.6397324
2.603,2.1149092
1.788,1.6495159
1.704,1.6306257
3.194,3.9693847
1.906,1.426644
1.841,1.9651585
1.911,1.928786
1.496,2.2995296
5.00001,3.8853154
1.834,1.875206
4.441,3.7377734
2.427,2.4126258
0.762,0.7858177
1.329,1.4279159
4.098,2.5628488
1.125,0.84525084
3.766,3.1606524
0.505,1.08861
5.00001,4.1411514
2.095,1.9618741
0.778,0.91401106
2.997,3.2185128
3.75,2.4060442
1.565,1.127138
2.4,2.774326
0.772,0.9443967
0.985,0.9554183
5.00001,3.414184
1.104,1.9135907
0.864,1.2745421
2.304,1.9568485
1.639,2.0146453
5.00001,4.584152
0.495,0.78434956
1.074,1.5179559
3.625,1.4595499
1.45,1.5605873
2.185,2.3725765
1.301,1.617542
1.46,1.5957141
1.525,0.9899127
4.572,4.5974164
1.652,2.0733297
3.947,3.53723
1.444,1.4047683
1.366,1.0413343
2.164,2.4226954
1.39,1.2751976
1.038,1.0129058
4.885,3.9286723
2.271,2.6364992
2.38,2.4611206
2.156,3.3792593
2.923,3.4144838
1.459,1.6443669
1.873,2.017772
1.854,1.4626427
2.8,2.1944556
1.411,1.3467352
1.909,2.15908
2.625,1.5113137
4.42,4.420879
2.748,3.0202632
0.855,0.9656315
2.318,2.5275824
3.02,3.320852
2.358,2.8984392
0.722,1.12248
1.824,1.6711456
5.00001,4.563524
0.787,0.71296406
1.813,2.0650957
1.98,2.1115603
1.996,2.0423694
0.633,1.1174661
0.94,1.5332633
1.868,1.8972294
1.17,1.3212582
1.178,1.244119
1.21,1.6253489
2.309,2.3244
4.273,4.266017
1.281,1.5893016
3.847,2.5728145
2.904,2.9375944
0.913,1.1614547
0.619,0.9227619
2.322,2.3774796
1.296,1.2509408
1.275,1.0495337
1.505,1.7271247
1.875,1.3677686
4.379,4.3897343
1.265,2.0182276
4.534,4.6984525
2.294,2.3791082
3.649,3.5979881
1.919,2.0292299
0.875,1.9129702
0.3,1.023607
3.357,3.0007658
2.421,2.450206
1.737,2.1241424
0.541,0.44316095
2.078,1.7974911
1.125,0.5784693
1.667,1.7921022
2.718,2.537311
1.411,1.6291611
3.75,1.481666
1.616,1.4876063
1.594,2.2348359
0.863,1.1363354
2.563,2.2797976
2.132,2.1713388
2.541,2.273005
1.326,1.4067341
1.693,1.8187966
3.477,3.8793893
1.597,1.744948
0.909,2.2901375
2.905,2.6065543
1.899,2.5662372
4.956,5.089806
3.333,3.8792546
1.838,1.6502061
1.89,1.7277757
1.575,1.3765327
0.666,0.55425
1.324,1.7153611
1.56,1.7214476
3.481,2.801914
2.264,2.5374243
0.742,1.0984646
1.583,2.112559
5.00001,5.155554
1.655,1.8352832
3.295,2.590627
1.396,1.7655258
1.529,1.4103469
3.673,3.1525853
0.7,0.9671117
0.974,1.4079571
0.659,0.9461491
0.493,0.40313342
1.541,1.7206029
2.728,2.2197084
2.471,3.0217543
2.688,1.9111295
2.476,2.0517342
4.168,3.1348608
1.216,1.108941
1.717,1.5749516
1.738,2.4852316
2.356,3.1564465
2.601,2.5568676
2.0,2.0452814
2.966,2.477003
3.746,1.9041315
1.778,2.1591525
2.695,3.3093498
0.62,0.91412014
1.976,1.9124745
0.527,0.553087
1.914,1.8402524
3.177,3.1978743
3.294,2.800355
3.307,3.793561
1.874,2.3391883
2.865,2.0730026
5.00001,2.2290986
1.339,1.8593642
1.998,2.2038445
0.45,0.7531505
3.546,3.2520733
2.638,2.8662076
2.784,2.0396328
1.604,1.5602354
2.413,2.5258408
2.083,1.7676424
2.636,3.0013485
1.45,1.6708782
1.325,1.7267593
1.838,1.8913364
0.811,0.943798
1.765,1.7804543
2.555,2.2440267
1.661,1.9486378
1.02,1.3870344
0.861,0.9977368
1.006,0.9289549
5.0,3.7094069
2.099,2.5153458
0.525,0.5888313
2.629,2.2118359
1.588,1.5031228
2.095,1.8672739
3.5,2.0615947
2.171,2.3577936
1.414,1.7396083
0.934,0.95689505
1.982,1.6481924
1.872,1.5415252
1.853,1.6059914
5.00001,4.4094496
2.813,2.2113113
1.036,1.2715311
2.879,3.1080053
2.083,1.9130932
1.75,2.6963665
1.327,1.4392921
1.72,1.5396292
5.00001,4.5385027
0.64,0.6029765
2.279,2.2539918
0.631,0.6118233
0.841,0.87266815
3.392,2.6702766
1.563,1.0643533
3.836,3.2666888
1.371,1.4211812
0.568,0.734204
0.7,0.8400658
0.963,0.71475434
0.926,1.6732711
3.591,3.449199
1.587,1.7819679
5.00001,4.0648685
1.146,1.5682487
4.102,3.7359529
2.819,2.226115
1.017,1.0498737
1.693,2.042077
2.078,2.5930195
3.272,3.4346247
2.779,2.587069
1.114,1.2114239
0.806,1.0676025
2.075,2.9363449
2.753,2.6660075
4.21,3.547635
1.288,1.2618297
3.139,2.8034332
0.676,0.93696916
0.644,0.8855998
1.539,1.7458429
1.307,1.2095367
2.385,3.0773568
3.796,3.920604
1.465,2.2235415
1.503,1.9475733
0.803,1.406495
2.933,1.1125926
2.88,2.8767219
1.441,1.924979
1.27,1.3672211
1.521,2.1145658
1.568,1.089666
1.049,1.2027833
5.00001,5.443849
1.344,1.42895
5.00001,4.7989163
2.728,3.156406
1.516,1.0032849
3.626,2.9346874
1.692,1.956413
1.404,1.7758052
0.437,0.5292975
1.36,1.9261814
2.644,3.0786874
1.522,2.0424962
1.375,2.3422182
2.147,1.5266095
1.709,2.0099032
2.362,2.2700534
2.978,2.6666183
0.885,1.4366598
1.276,1.0312918
0.802,0.79008156
3.06,2.9649823
4.364,2.3347561
2.389,1.9925902
2.317,3.0896688
1.229,1.3514453
2.182,2.3475025
3.97,4.5230594
2.603,1.5785626
4.357,3.3827724
1.64,1.9352401
4.405,3.4126813
0.854,1.1894598
1.019,1.1917367
1.594,2.6543264
1.903,2.442444
1.0,0.9093509
1.396,1.565889
5.00001,5.3984275
1.545,2.5156171
1.705,1.8362938
1.106,0.80826646
1.912,2.6678467
2.872,3.8252406
1.501,1.4153221
2.383,2.399883
1.542,1.5788115
2.805,2.128005
1.619,1.8115684
2.656,2.8459253
1.227,1.3712361
2.312,2.4916527
3.191,2.7310402
2.313,2.135755
5.00001,4.6707616
1.212,1.2136054
2.225,2.2977655
4.5,2.765937
1.021,1.1735457
2.012,2.0575452
1.042,1.0706625
5.00001,5.2627006
1.32,1.2648664
2.211,2.2146072
1.516,1.4803888
1.469,1.371698
1.512,1.514364
1.651,1.8734518
2.136,2.6063306
2.135,2.3268194
5.00001,4.027381
4.38,3.756674
1.838,1.8997341
3.5,3.3017445
1.593,1.5621201
1.291,1.305325
0.766,0.7348074
2.25,1.7882844
2.308,2.1966012
4.318,4.369772
1.91,2.9602027
0.847,1.1831514
1.525,1.4286516
0.676,0.52013314
1.982,1.9931726
3.063,1.9466249
1.221,1.5800109
2.761,2.0048928
1.03,1.1687672
4.091,2.8020751
1.352,1.4016889
1.216,1.6024508
1.828,1.6485846
2.28,2.2809575
1.1,1.0627815
1.112,1.1943167
0.847,0.8966859
4.473,4.293895
0.883,0.82051414
0.871,1.0518624
1.875,2.0350952
1.469,1.6655432
1.031,1.1348037
3.437,3.603289
0.982,1.3766713
2.625,1.6593257
0.774,0.9583737
1.351,1.3654827
1.347,1.480666
2.313,1.7712991
1.586,1.3954685
1.016,0.9528022
1.22,1.371988
3.8,3.6297035
1.894,1.7418225
4.4,3.1319332
0.7,1.0953971
0.7,0.67256105
3.335,3.2722952
1.018,1.2494501
5.00001,5.1622376
3.605,3.6762426
1.695,1.9129771
2.056,1.6364421
1.663,1.6867325
0.325,0.8539276
3.627,2.977831
1.745,1.3686748
1.976,1.974008
1.83,2.380276
1.583,1.6641972
1.002,1.4603741
0.875,1.2133873
4.611,3.2910895
1.902,2.809971
2.323,2.096578
2.216,2.6498427
2.269,2.7916186
2.242,2.4835548
1.198,1.6633493
0.782,0.8280915
1.651,1.2329882
2.139,3.2743204
0.697,0.8266015
1.058,1.4970802
0.75,1.5904787
0.917,1.2672334
2.695,2.509062
0.682,0.7753341
1.658,1.9043894
1.546,1.8764387
4.727,4.2017922
3.459,3.6658785
2.307,2.355295
3.0,2.2608242
2.494,1.8905766
4.357,3.7533188
2.258,2.212832
1.75,1.8348624
1.784,1.2566103
2.76,2.083336
1.159,0.95306677
2.143,1.4900167
1.183,0.9173952
5.00001,3.195085
1.521,1.9669201
1.404,1.5343897
2.226,2.0234027
4.445,3.3276174
5.0,4.2846327
1.633,1.2483952
1.938,2.6560264
0.905,1.1111165
1.152,1.3362266
1.47,1.5270722
2.739,2.5790603
1.909,1.8294235
0.748,0.706514
5.00001,3.4808066
1.185,1.5679975
5.00001,1.4517767
0.55,1.6693802
0.584,0.7234063
0.958,1.339835
0.992,1.427698
1.674,2.1307707
0.705,0.7840335
0.675,0.8459451
0.757,0.93431103
1.83,1.7020928
5.00001,5.366143
0.973,0.9849306
2.3,2.8608167
0.829,0.9385134
0.522,0.6793216
1.148,1.3910478
0.88,1.1110283
2.242,2.2272072
1.5,1.4176961
3.417,3.0114288
1.817,2.1703928
1.406,1.9685668
0.727,0.9447028
2.109,2.3738184
0.977,1.0642967
1.097,1.0462049
1.656,2.2877414
2.306,1.866099
1.638,1.8020564
0.958,0.75327456
0.481,0.70617306
0.444,0.45230982
2.379,2.4166832
2.848,3.7256823
1.648,1.369459
2.0,1.5567787
0.778,1.0385292
1.86,2.0073829
1.697,1.4846376
4.188,2.3165886
0.733,1.1297961
0.87,0.9144326
1.682,2.118535
1.543,1.4964195
2.25,3.226324
3.33,3.0836067
2.259,2.4827757
1.381,1.3966662
1.127,1.0227528
2.316,2.5481472
4.191,2.6773415
2.211,2.2164962
1.554,1.944038
1.517,1.4497833
2.489,2.7387567
1.532,1.1288174
1.265,1.268611
2.4,2.8789814
1.861,1.946227
5.00001,3.9126053
1.816,1.9073784
1.781,2.3685489
0.692,0.7849094
0.668,0.6402598
5.00001,5.199037
1.813,2.6043048
3.964,4.0400414
1.875,1.7616231
2.979,2.734566
3.454,3.8249624
2.451,1.9933646
1.055,1.1981977
1.011,0.69543856
1.417,2.4780123
4.309,3.5332556
2.863,2.2065854
1.13,0.72989935
4.667,3.9953396
1.686,1.5897815
3.605,3.1690197
2.564,2.7829201
1.139,1.5861443
3.504,4.455053
2.091,2.2009108
1.315,2.0297015
2.167,2.6207547
1.013,0.8097625
2.028,2.3019273
1.176,1.5528023
2.926,2.647639
5.00001,5.319051
1.303,1.2520839
0.924,0.90614164
1.125,1.3371993
1.542,1.2700814
1.04,0.75359
1.216,1.8701587
2.063,2.3766026
1.083,1.8171539
3.494,3.3610551
0.833,0.6720118
2.458,2.620986
0.915,1.7309674
5.00001,5.2079697
5.00001,3.1048093
1.905,1.7490484
1.083,1.0556976
0.896,1.0937684
5.00001,4.9484477
0.946,1.2775891
0.675,2.755364
1.775,2.2755995
2.613,2.7246063
5.00001,2.547533
1.684,1.8364747
2.453,2.679063
2.4,2.971077
1.565,1.1308616
5.00001,2.6500518
2.356,2.7404084
1.856,1.8584427
3.167,1.8144368
1.188,0.9814283
2.485,2.4558566
2.365,2.624248
0.946,0.81925434
1.768,1.6240921
1.486,1.9006752
1.953,1.860061
2.159,1.9962703
1.266,1.7342356
1.739,1.8028567
1.83,2.46516
0.743,1.2107418
2.247,2.009878
1.016,0.87198514
3.91,3.5373862
2.65,1.8793222
5.00001,4.7071643
1.865,1.9652318
0.78,0.9396183
0.808,1.123619
1.896,2.3738198
1.992,2.8534875
1.896,1.7269278
1.6,1.6756054
3.753,3.7885478
1.667,1.3064781
2.156,2.290625
2.286,1.9594303
1.713,1.3582025
4.31,4.0717506
2.751,2.2869353
2.768,2.7899294
0.463,0.46684211
1.44,1.6731919
0.943,0.94588125
1.576,1.3647354
1.945,2.1461575
3.511,2.5114253
4.534,3.3630908
2.246,2.2142339
1.556,1.6463846
2.42,3.9049351
0.7,1.111208
0.713,1.1764935
0.668,0.9198707
1.531,2.906258
1.375,1.7629366
2.304,2.3791273
2.422,2.5733056
3.019,2.4691958
4.158,3.089323
1.565,1.6719577
0.786,0.8939866
4.414,3.9060447
1.843,1.8218843
2.765,3.2604651
2.328,1.6727847
0.604,1.0627382
2.241,2.4708495
4.39,3.4407935
1.231,1.0541518
2.557,2.9772718
0.576,0.78446454
1.998,2.182644
0.513,0.58656645
3.482,3.7503006
3.628,3.7257197
2.403,2.5159035
0.736,0.8353584
1.726,1.534745
2.29,2.7265522
1.663,1.8032002
0.833,1.4198678
5.00001,5.4016676
3.329,3.035356
0.543,0.59997267
2.417,2.706755
3.875,3.600513
1.364,2.2344227
0.983,1.9508754
1.76,2.3111663
0.63,0.75141597
2.369,2.1603682
0.972,1.798928
2.2,2.832144
1.058,1.2717786
2.709,2.6658921
0.994,1.0924685
1.663,1.4889112
1.438,1.6779832
1.406,1.3340353
3.309,3.0661774
1.569,2.5400658
5.00001,3.8513403
1.625,1.7612617
1.248,1.4223511
2.161,1.6879245
1.714,1.9375612
3.256,3.2686646
1.098,1.176192
2.762,2.5800862
1.299,1.3984622
2.923,2.6066315
3.415,3.0840657
0.668,0.79146624
2.388,2.0467987
0.774,0.9624982
0.824,1.0116401
3.599,3.7226179
4.657,4.4381843
2.14,2.247696
1.071,1.2930051
1.578,1.6831539
1.193,1.4667277
2.329,2.5928466
1.795,2.0888157
0.701,0.60863936
0.55,1.8127712
0.659,0.45240244
0.996,0.9935317
5.00001,4.705414
1.641,2.1439652
0.77,1.1230469
1.403,1.3277122
1.729,1.5890465
5.00001,2.9532945
3.143,2.2322867
5.00001,3.8959212
5.00001,5.1349916
1.43,1.564152
2.806,2.7430968
3.75,3.4759712
1.375,1.6258838
3.371,3.1042056
1.28,1.5209311
1.854,1.982122
0.63,0.6995019
1.095,1.6379713
4.0,2.023643
1.519,2.8887098
0.563,0.8285456
1.025,0.890666
2.25,3.1079922
1.455,1.8702936
3.631,2.844407
2.49,1.9312434
4.153,3.5179305
2.674,2.2519877
0.75,1.1504132
2.5,2.4420786
1.618,1.3410344
0.975,0.84746015
1.115,1.2947417
0.873,1.1839207
2.729,3.3013177
1.244,1.1700397
2.287,3.302452
2.295,2.067312
1.625,1.5777686
0.8,1.4903066
1.188,1.3636541
2.442,3.0014384
1.875,1.7084132
2.46,2.3744075
1.026,1.1082809
1.167,1.0308315
1.375,1.7169561
1.719,2.6033628
1.031,1.2891059
2.391,2.383755
1.94,2.2963142
2.199,2.1377733
3.8,4.541309
1.557,1.6125361
0.899,0.8715196
0.893,1.7586426
0.55,0.75043833
0.498,0.4191839
1.464,1.4501424
2.78,2.6719227
2.887,3.5241368
1.292,1.6039369
2.216,2.5445058
0.856,2.0163915
1.604,1.4399643
0.576,0.9134116
3.485,3.3637023
1.994,2.5095363
0.971,1.2466959
0.581,0.7222564
3.01,3.0989487
0.742,1.208264
2.494,2.8472037
2.67,2.605388
1.199,1.3045661
0.777,0.57999974
1.434,1.2113959
0.612,0.6096552
2.068,1.8032289
3.282,3.1127768
3.606,3.055068
1.078,1.0649606
0.515,0.42695996
0.675,0.9446448
1.841,1.5673078
2.0,1.783701
3.54,2.1222057
3.938,3.0078723
1.321,1.3757688
3.065,2.9087906
1.349,1.2587076
3.193,3.8349457
3.039,2.8335955
3.5,1.4143323
2.312,2.5391977
1.313,1.3997637
1.208,1.338239
1.352,1.2615728
0.689,1.1692016
4.25,2.066851
1.605,1.4850597
1.51,1.6065916
3.495,4.477922
0.602,0.70234984
3.964,3.2554514
2.785,3.4169729
2.393,1.7667024
2.249,2.619066
0.913,1.2373723
1.114,1.5330026
1.508,1.270243
0.647,0.5568645
3.588,3.498253
2.328,1.8490009
0.544,0.7021604
0.982,1.0447537
2.258,2.061225
1.161,1.492324
1.964,2.444486
1.232,0.8052109
1.564,2.5820088
1.668,1.6961278
2.159,2.3138916
1.173,1.5609503
2.432,1.8783933
0.729,0.9502068
1.917,2.1705558
0.6,2.162477
1.954,2.0059803
1.116,1.6136119
2.685,2.3608508
2.6,2.6726289
0.894,1.0224978
2.352,3.3649042
3.861,2.9395568
1.875,1.6994209
2.234,2.4290903
1.203,1.5690379
1.358,1.181853
3.074,2.8748343
3.268,2.2929845
0.703,0.9996809
0.682,0.6551059
1.146,1.2586327
1.772,2.2563229
0.819,1.0763141
0.906,1.1692479
0.568,0.6076342
3.238,3.19207
2.444,1.4487987
1.443,1.5811602
1.642,1.5351669
2.376,2.4773314
2.43,2.3879476
0.833,1.0006667
0.875,0.8814334
1.317,1.528185
0.47,0.637399
1.953,1.7487398
1.841,2.1032991
1.288,1.1540184
1.182,0.98909193
2.128,1.8188688
1.413,1.1185234
2.271,1.9976372
0.808,1.738154
2.013,2.0790248
1.833,2.1257298
1.55,1.6218463
1.438,1.7655487
1.375,2.9804409
2.801,2.0780694
2.459,2.0857525
2.436,2.4283817
1.03,1.442908
1.038,1.0889149
2.359,2.195662
1.619,1.9944837
3.944,3.9090853
1.458,0.7145976
1.848,1.667756
2.423,2.3916657
3.355,2.3703227
1.655,1.3875537
2.048,3.3739371
1.597,1.5227363
1.691,1.7017627
4.786,2.6880882
2.589,2.5293462
3.24,3.0353265
1.031,0.9688905
1.381,1.7067935
0.916,1.1797799
2.289,3.0681994
1.388,1.2862045
2.522,2.3376818
4.203,4.5908747
2.436,2.5277758
1.421,1.6415616
0.675,0.4656633
0.928,1.1161777
1.908,2.6956694
2.239,2.0126464
1.434,1.721016
1.327,1.0738739
0.99,1.0228169
0.677,0.7438948
2.274,2.7173028
2.286,2.380852
1.358,1.3221081
3.621,3.5761588
2.813,3.5464373
5.00001,5.262284
0.906,1.4022188
0.663,1.068618
1.502,1.5353152
1.703,1.5998517
0.993,0.6664255
3.229,3.937441
2.132,1.307988
2.17,2.2418587
2.679,1.7731951
2.063,2.0914052
3.768,2.9056861
0.875,0.82567286
3.047,2.836864
4.602,3.425473
1.285,0.9931471
2.846,3.66796
1.196,1.4410232
2.086,1.9379778
1.175,2.7212265
0.669,0.7150917
2.048,1.5955944
0.746,1.2812077
1.091,1.1150746
1.143,1.6626489
3.083,2.9048572
1.13,1.181326
0.917,0.43279532
1.342,1.2579404
4.25,3.2122073
0.539,0.73000956
3.106,2.261963
2.417,3.024571
2.268,2.2737818
1.008,1.2734567
2.38,2.102427
2.455,2.3701022
1.565,1.8351873
1.156,1.7722216
0.664,0.64222974
0.588,0.63396215
2.236,1.9439876
1.693,1.7325872
1.667,1.4150116
2.25,2.470018
0.726,0.8415709
1.603,1.5473418
1.475,1.3274382
0.912,2.014371
2.083,1.1382056
3.353,3.0085344
0.58,0.95823324
2.265,2.1080441
3.452,3.6161017
1.068,1.0093775
5.00001,1.8125957
2.75,3.5199444
0.958,1.2156596
0.972,1.5366025
1.55,1.2219425
4.0,3.3971682
5.00001,3.1029134
3.043,2.8815522
3.592,3.7334998
1.447,1.6602561
3.528,3.2118108
3.556,3.0539525
0.991,1.2477812
2.504,2.2270937
1.056,1.2008158
5.00001,4.75333
1.62,1.7714051
2.722,2.9608946
2.459,2.8962007
1.833,1.8200113
2.207,2.744983
1.61,1.6838038
3.039,3.4415376
2.662,2.1391213
0.901,0.7977191
0.875,1.1565243
2.094,1.6037972
1.887,2.079521
1.014,1.2939153
3.875,3.478544
3.591,2.9225323
3.273,3.0620863
2.792,2.5822456
2.336,2.741364
1.635,2.4578762
1.242,2.0219803
4.5,3.7514753
1.119,1.2920729
0.908,1.023206
1.206,1.3743513
4.838,4.6577277
3.667,3.3286252
2.01,1.8458818
3.336,3.0191538
3.625,2.358396
1.701,1.6486409
2.467,2.5376792
1.612,1.8341196
1.47,1.517226
1.179,1.5407543
1.113,1.0232512
2.665,2.5700734
1.135,1.3242193
3.291,2.9244697
5.00001,4.603392
2.365,1.7541411
1.222,1.3274378
0.819,1.0036713
3.864,3.7303302
1.848,1.7527682
1.607,1.9921566
1.016,0.83844465
4.24,4.8348694
2.625,2.3807414
3.694,2.881201
1.151,1.7202872
2.817,2.0092294
0.981,1.2122568
1.311,1.5567254
2.518,2.0852234
2.327,2.3846939
1.392,1.2521994
0.715,0.893375
3.405,3.443382
2.708,2.732519
1.556,1.9440489
0.892,0.75850075
1.67,1.747835
1.031,0.88163024
1.805,1.7446914
0.512,0.7285363
2.046,2.1214318
3.872,2.0738409
1.625,1.1804978
1.204,1.2541132
1.397,1.4171423
0.982,0.7349007
2.694,2.5557039
2.691,2.851833
5.00001,3.7237463
0.496,0.670693
0.58,0.78634
0.659,0.5823207
1.754,1.754439
3.918,3.7469616
2.808,2.535408
0.907,1.7599471
5.00001,5.15606
0.923,1.1625115
2.271,2.4931972
1.625,1.810883
2.909,3.0041611
1.831,1.85325
2.832,3.5547295
1.774,3.1127207
2.387,2.5254464
3.213,2.7649405
2.615,3.3990307
0.993,1.4135262
2.261,2.1990566
0.517,0.4834454
1.569,1.5925146
1.609,1.465702
2.224,2.9624848
3.052,3.3222973
1.388,1.3269581
2.307,2.2898018
0.943,0.8972721
0.972,0.97192705
3.821,3.3920782
1.932,2.2059002
2.095,2.1471415
2.314,1.6683183
0.893,1.4002415
1.961,2.076549
1.135,0.7033801
1.784,2.8080091
4.065,3.3760493
2.282,1.9189122
2.348,2.4206371
2.313,1.8783053
5.00001,4.664117
1.841,1.8806555
2.137,2.2795224
5.00001,4.620905
1.692,1.865649
2.324,2.3920004
3.517,4.3336835
2.346,1.9586849
1.125,3.0492535
1.452,1.4426187
0.872,1.1224504
0.535,1.0734956
0.438,0.46255192
0.942,0.95327824
2.188,1.6825472
1.919,2.1179976
1.322,2.450521
0.468,0.4485423
1.497,1.9691093
1.263,1.2146271
2.559,2.5483074
0.945,1.0967355
2.371,2.244524
5.00001,4.486414
0.875,1.153477
1.266,1.3055985
2.451,2.4502993
1.574,2.145715
0.784,0.6357631
2.181,2.0847638
3.5,2.3717136
1.984,1.9487494
1.439,1.4200026
3.379,3.8284621
0.763,1.0360473
1.601,1.8725638
1.306,1.3295887
1.125,1.2219335
3.292,2.5271516
2.333,1.9567062
0.992,1.1534219
1.979,1.9425962
2.041,2.4962473
3.5,3.4343882
0.621,0.5653648
1.404,1.5901173
1.521,2.3095284
1.305,0.89133704
1.951,2.6496868
1.995,2.3500314
1.375,1.0217059
2.75,2.1345909
1.229,1.916784
1.09,1.6321695
1.217,1.080758
3.02,3.6395092
2.417,2.2371235
1.532,1.6914113
1.693,2.9239924
3.585,4.420631
1.75,2.083971
1.125,1.2985517
3.76,4.091723
1.188,0.94214433
4.01,4.0197053
1.079,1.0219105
3.397,3.3523006
1.58,1.7334284
4.688,3.7544665
0.631,0.50097334
1.846,1.9552758
1.897,2.1317177
1.909,2.4930918
0.675,1.327993
0.853,1.2326465
1.736,1.8159788
1.297,1.0796491
1.81,2.6278667
5.00001,4.6264787
3.762,4.086927
2.43,2.3423758
1.482,1.3216816
2.381,2.645396
4.5,4.211743
2.4,2.493617
5.00001,1.5470792
2.741,2.842927
1.901,2.4006395
2.684,2.8357322
3.493,2.5323749
2.757,2.5596037
1.828,2.061126
5.00001,4.6886754
2.132,2.383067
1.795,1.8140589
1.385,1.3503727
1.813,1.7776427
3.405,3.3423882
2.25,2.0618746
0.683,1.1333625
2.379,2.6394143
1.497,1.6334271
1.258,1.784756
0.876,1.8258402
1.25,1.4509132
1.688,1.3975052
1.35,1.5528828
0.863,1.1378642
0.649,0.8720935
1.063,1.4390949
2.857,3.0628362
2.724,2.8632462
2.177,2.2374473
0.918,1.3003098
1.63,1.727294
1.951,1.9230386
0.325,1.0630496
2.753,1.8243203
1.369,1.3375918
1.941,1.6477474
2.302,2.4913077
1.436,1.5330632
0.396,0.7113671
0.598,0.8044902
2.107,2.032939
1.563,1.0947806
2.156,2.1531932
1.775,1.8371181
2.189,2.4013958
1.284,1.2705431
1.906,1.7980361
3.983,3.9400816
3.671,2.1324263
1.225,1.8285047
3.761,2.049713
1.576,1.5003172
1.781,1.9769498
0.724,0.72780335
2.876,2.9188497
1.75,1.306614
2.808,2.4306455
1.605,1.8224477
1.586,1.3238283
1.443,2.1893218
1.363,1.7002001
2.182,2.1760676
4.664,4.2424927
3.861,4.4811077
2.512,2.4446075
1.904,1.5496591
2.231,2.7258897
3.61,2.524028
2.75,1.1573032
0.708,1.1056358
4.6,3.1408105
0.675,0.9298514
2.25,1.1380285
1.761,1.8176849
0.524,0.25259355
1.676,1.7563369
0.997,1.3473166
0.889,1.0305308
2.237,2.2551448
1.805,1.9073427
0.932,1.2833139
1.738,1.680941
4.908,4.8490124
1.042,1.2576078
2.761,2.3076394
2.547,2.5794806
2.123,2.268697
0.875,1.0258197
0.942,0.82998055
1.635,2.1144695
5.00001,2.2313542
1.25,2.2725418
1.823,1.9665886
1.117,1.6550329
1.46,1.8827684
5.00001,4.826571
3.205,3.0636766
0.48,0.5487965
1.688,2.1909685
0.675,0.5283084
1.731,1.5995617
1.5,1.0441777
3.292,3.2058234
1.41,1.4629002
3.78,3.9701958
0.802,0.55603373
2.033,2.3103278
3.949,3.7605865
0.845,1.0614737
3.273,3.0915444
2.012,2.4523811
1.625,2.2174735
2.66,2.8183572
2.212,2.2953281
1.765,2.0437338
2.063,1.768401
5.00001,4.266364
1.867,2.0566187
1.125,2.1480837
0.905,0.97919166
1.908,1.9208949
1.988,1.2840148
1.656,1.8426986
5.00001,4.339872
1.457,1.6510068
0.913,0.9438612
1.404,1.82827
1.917,2.0475085
0.611,0.8573748
1.53,1.1893631
0.855,0.97259074
1.645,1.4188969
3.862,4.0083394
3.413,3.1390374
2.464,2.5112674
1.218,1.3855888
1.325,1.9379649
0.98,1.1624877
2.414,2.018421
1.713,1.9041079
1.201,1.4682325
5.00001,5.3932834
1.927,2.1409016
2.328,2.1422884
1.918,2.0961206
1.963,1.9852854
2.939,2.8161662
0.846,1.1781979
5.00001,4.883961
5.00001,4.652609
1.073,1.2893231
1.5,1.9976342
2.042,1.8664494
2.683,2.501867
1.035,1.0799898
1.615,1.469468
2.224,2.2142842
1.669,1.3667915
2.292,2.4007523
2.059,1.7136992
0.955,0.68535554
1.625,1.8547904
2.407,2.5182304
0.828,1.1091697
2.302,1.5806733
1.859,1.6418823
1.058,1.4678981
1.188,1.4406649
1.944,1.7291561
1.833,1.7439747
2.925,1.9002866
1.442,1.5356815
5.00001,3.1676836
1.342,1.9696627
0.528,0.45887294
1.887,1.7595694
2.04,2.45133
1.795,1.8001922
0.989,1.1700344
2.799,2.3095362
3.277,3.0879211
2.08,1.9485819
2.083,2.2516074
1.125,2.0804436
2.347,2.7637775
2.145,1.8282996
3.385,3.9312508
5.00001,5.0715656
2.841,2.7419329
5.00001,4.700772
1.813,1.7825991
1.25,1.1395154
4.125,2.8347254
1.125,0.9784672
0.903,0.8117549
0.96,1.374348
1.425,1.8906225
2.663,3.134223
1.65,1.7130566
1.18,1.3685719
1.564,1.9397159
4.268,4.841668
3.086,2.7805302
2.392,1.163474
1.094,1.2454838
0.666,0.5778065
3.685,3.555288
3.305,3.114274
2.736,2.6494527
5.00001,5.035048
3.211,3.776551
2.426,1.9185337
2.319,2.6763968
1.514,1.978305
2.278,2.4060147
3.8,4.039715
0.952,1.8503946
1.939,1.7833073
2.607,1.7013297
1.91,1.4918934
0.649,0.6166369
1.283,1.4431752
1.898,3.0476825
1.833,1.7871485
1.518,0.79506814
2.573,2.191385
1.375,0.7881809
1.25,1.180939
2.181,1.6677035
1.681,1.7157801
2.318,1.7139527
1.49,1.4875283
1.703,2.2369983
3.913,2.9520125
2.823,3.4485643
5.00001,4.5750165
1.354,1.6823418
3.284,2.8648336
3.5,1.9397163
1.823,2.052056
5.00001,5.125852
1.92,1.7371558
2.408,2.363859
1.75,1.8313453
1.264,1.2441111
1.259,1.4277873
1.947,2.2246485
3.418,3.7782528
2.119,1.5981888
1.375,0.5126291
2.706,2.9586465
1.723,1.7035248
2.621,2.2386215
1.491,1.5262387
3.391,2.4637473
2.486,2.3130744
1.287,1.7712418
3.439,2.356043
1.75,1.6152704
2.875,2.7184064
1.436,1.4258476
3.462,2.8205497
2.322,2.6550257
2.0,1.3041023
2.415,2.4849713
0.675,0.74481857
1.917,1.5439506
1.783,2.2038074
1.782,1.6936952
1.332,1.3938608
2.738,2.691798
1.522,1.6041253
1.871,2.1648118
1.375,1.6162311
1.104,1.2069426
2.406,2.0961928
1.625,1.4221814
0.838,1.0854993
2.656,2.134286
2.115,2.0508842
1.734,2.5065687
3.1,2.7087688
0.995,1.185034
1.914,1.8749222
2.201,1.6872817
1.673,1.9655784
0.65,0.7188516
1.418,1.7079123
2.906,2.9872363
3.192,3.3564892
1.188,1.1438018
2.0,2.476281
2.195,1.8530387
2.894,2.3515346
1.164,1.6668495
1.623,1.5725358
1.141,1.0843818
0.713,0.8587114
1.905,1.8126034
1.973,1.9553834
0.722,0.74052966
1.033,1.8224319
1.43,1.1297779
2.449,2.204821
5.00001,4.108619
1.833,1.3772686
0.861,1.1183684
2.184,2.724849
1.108,1.4115199
2.113,1.8897836
3.388,3.4136176
1.231,1.1197095
2.695,1.6711354
3.214,2.3174458
0.819,1.1999834
5.00001,5.1594825
3.046,3.5449817
0.729,0.88373935
1.58,1.4910682
0.622,0.5334785
1.163,0.8626197
3.141,1.4769806
3.625,2.4102757
5.00001,4.8687186
0.741,1.3259966
1.5,1.5072434
2.7,2.891008
1.208,1.5606443
2.5,1.5502813
0.722,0.8427741
3.75,2.9312546
2.396,2.6533716
1.833,2.5512776
1.612,1.9100834
2.51,2.3297188
0.455,0.75945616
1.781,1.9648535
2.589,2.642788
1.458,1.5668702
0.847,0.7508815
2.167,1.6711162
1.304,1.2771668
1.585,1.620591
1.178,0.9924033
2.15,2.1636543
2.686,2.8321075
1.0,0.8951001
3.327,4.3373528
1.867,1.6638267
0.53,0.5114436
1.497,1.3204271
3.458,3.095625
1.245,1.3497274
4.758,4.4089766
5.00001,3.8053906
5.00001,5.0697145
1.759,1.8276632
1.833,2.5066087
2.531,3.320607
1.178,1.2195803
1.435,1.406237
5.00001,4.000859
1.423,1.230227
1.21,1.4059603
2.688,3.1680825
3.302,3.557244
1.218,1.596555
4.169,3.1576545
2.667,3.294991
1.894,1.9364451
4.436,3.5950818
1.63,1.5958692
3.825,2.9425113
1.063,1.3570414
0.578,0.8775723
0.575,0.9502087
2.38,2.6605961
2.189,2.5273123
1.186,1.5912184
3.091,3.623268
2.132,2.0417352
1.802,1.717283
4.708,3.6786287
3.372,1.4474123
0.953,1.2320724
1.039,1.1729382
5.00001,2.3681016
2.15,2.083049
1.894,2.244444
1.714,1.9865519
3.57,2.896052
1.962,2.1093242
0.985,1.1355925
1.788,2.0259776
2.266,2.6884124
1.714,1.8922483
2.714,2.2987144
2.168,2.38625
0.679,1.2361661
1.713,1.5413494
1.109,1.7329352
3.325,2.9805174
1.5,1.726404
1.734,2.4263384
2.375,2.7313807
0.658,0.98760146
1.731,2.1361446
3.212,2.8656046
2.65,3.2356422
0.875,0.7723366
2.103,2.3429213
2.478,2.4925878
3.757,3.821991
1.137,1.121822
5.00001,4.1343303
0.456,0.40389553
1.306,1.3152361
1.986,2.4451234
4.367,4.041457
0.926,1.2175317
1.5,1.5806712
3.599,2.8220706
5.00001,4.738395
0.938,1.2652214
3.833,2.9333086
1.917,1.4771312
2.672,2.5250545
2.802,1.9755481
0.521,0.5216359
1.102,0.9143581
1.646,1.4742614
3.248,3.7669623
1.227,1.4318355
2.167,2.4564145
0.736,1.1048424
2.541,2.371389
1.875,1.5226862
1.66,2.0686932
1.579,1.9405317
1.938,1.9230664
1.408,1.2615283
0.953,0.9890157
2.27,2.8934772
2.656,2.6200726
0.902,1.0744867
1.832,1.6318958
1.846,1.4570898
1.625,1.7880977
1.25,1.137455
0.972,1.4420741
3.553,3.169855
1.362,1.2321525
1.25,1.5408486
3.056,3.3714817
1.766,1.3263371
3.486,3.7698333
2.992,2.5110476
0.721,1.6871599
1.095,1.4838864
2.811,3.0414305
1.563,1.9806318
2.342,2.4160306
0.597,0.7926883
2.5,2.5631237
2.033,2.283333
1.731,2.3656487
3.003,3.02284
2.38,2.330928
1.79,1.7030785
1.66,1.8809197
1.607,1.7876419
1.475,1.6342558
1.921,1.8947972
0.564,0.52100694
3.048,3.692347
4.398,3.745027
1.375,1.1384015
1.375,1.0091447
1.346,1.819522
2.625,2.541768
0.834,1.0022576
1.135,0.89348215
0.714,1.2489973
2.045,2.1167376
2.824,3.0831878
1.457,1.4948443
2.647,2.8977163
2.75,2.2143986
1.716,1.3808955
2.167,1.9702277
1.807,2.1728418
2.125,0.85579926
1.677,2.051147
0.425,0.3826396
2.384,2.3615193
1.44,0.6936542
0.436,0.43056375
3.635,2.5857437
1.862,2.1530483
0.675,0.56696975
1.596,2.5913367
1.956,1.9465753
1.548,2.0350516
4.507,4.600405
0.699,0.5366859
1.322,1.4499973
3.28,3.7883918
2.728,2.780955
0.663,1.1191736
1.293,1.2799841
0.771,0.9492567
1.555,1.6995527
1.26,1.3645343
2.403,1.9663097
1.33,1.247462
0.949,1.1691873
2.039,2.3635662
0.61,0.7714866
1.392,1.3602847
2.292,2.0878725
2.606,3.2655447
2.511,2.1906312
3.276,2.396051
1.679,1.8838899
2.12,2.3522732
2.333,2.1255765
2.554,2.8473923
0.675,0.8204005
1.62,2.3762608
1.172,0.9899807
1.097,1.284865
2.75,0.94979334
1.118,0.9682617
1.66,1.83974
0.927,0.92442703
1.86,1.9992648
0.973,1.2917203
2.413,3.032413
2.585,2.6073472
1.382,1.6677781
1.961,2.7099183
4.192,4.745813
1.388,1.5425291
3.766,4.295943
1.651,1.8190992
1.818,2.0431697
2.118,1.4732611
1.125,1.6317204
1.443,1.4243026
2.22,2.2113543
0.536,0.6464443
1.308,1.3702428
2.276,2.6022863
2.75,3.3758914
1.919,2.0317826
0.641,0.71232665
0.681,0.94038147
2.552,2.2886481
2.441,2.8368478
3.37,2.5873528
2.083,1.7197605
5.00001,4.9599767
1.721,1.6612123
1.289,0.79852265
1.449,1.0267227
0.72,0.23079227
1.429,1.4571056
4.361,3.1557891
2.042,1.6697357
1.957,2.2367003
0.905,1.1200628
2.361,1.6563632
1.869,1.7186631
1.625,1.9420471
1.125,1.7051715
0.58,0.46910086
3.074,3.22557
3.538,4.0222135
2.909,3.0684366
3.586,2.8194623
2.462,2.1653504
0.721,1.255693
1.075,1.2813821
0.786,0.7221669
1.876,1.8592836
0.979,1.1790018
1.866,2.2482674
1.969,2.2876148
1.115,1.1597981
1.563,2.189851
2.182,2.6410508
2.935,4.1779375
0.59,0.91084695
1.628,1.4175586
1.029,1.2312635
0.543,1.1737329
1.663,1.4493296
1.525,1.6923885
1.426,1.6596353
1.5,1.440187
0.844,0.70988595
2.1,1.6729205
1.375,1.4310546
3.5,3.0498962
1.719,1.4081771
1.431,1.6687851
4.523,3.896917
1.76,1.6229185
1.127,1.1167858
0.684,0.7336503
1.907,1.8418977
3.318,3.9885678
1.84,2.0008607
1.625,1.2192074
1.294,1.3117775
1.728,1.5643793
1.911,1.5816443
2.949,3.335143
1.886,1.9120202
0.638,1.0265151
4.661,4.3990645
1.868,1.9240755
1.393,1.3444799
3.303,2.5332246
2.848,3.1715016
1.988,2.1078749
0.693,0.7592488
1.455,1.8494246
1.662,1.6495167
2.738,2.4588346
1.49,1.3398159
2.154,2.2447119
2.878,3.7935877
4.063,2.6876357
1.603,1.5314734
2.4,2.960598
0.609,0.75015056
1.423,1.33265
0.848,0.9064035
2.054,2.078042
3.968,3.5161583
1.354,1.7567
1.154,1.4842325
1.625,2.5403502
4.25,2.766244
1.143,0.8088294
5.00001,4.5978312
5.00001,4.1884212
0.487,0.49323335
2.947,3.017343
3.005,2.1005383
3.432,1.9818137
0.92,1.6446416
2.781,2.9485772
3.809,4.0503325
3.398,2.6251884
0.968,0.9789389
2.7,1.8710648
1.9,2.012824
1.813,1.6874744
1.006,1.1203482
1.708,1.5315707
1.527,1.6838309
3.536,2.5626967
2.0,2.4146092
2.134,2.811111
1.531,1.5925701
3.797,2.43773
2.75,2.3239784
0.786,1.4869703
1.883,2.3981705
1.38,1.3587542
5.00001,4.5847583
1.974,1.6806382
2.446,2.7635458
1.653,1.7581867
3.004,3.2125404
0.882,1.1663104
5.00001,4.542512
1.631,1.0895343
1.919,2.1334343
3.553,3.2267165
4.303,3.486555
0.427,0.4354848
3.781,4.386178
2.64,2.1018553
1.119,1.8718363
2.245,1.8005847
1.25,1.6557987
0.641,0.9196745
0.884,0.8041096
3.892,3.4585068
1.938,0.92343044
5.00001,3.7874458
1.875,3.6607485
2.103,2.1111698
2.128,1.922287
1.775,2.1717281
1.813,1.0276164
1.595,1.6824316
1.775,1.909637
1.161,1.1871005
5.00001,3.603637
1.625,1.6357478
1.355,1.6194346
0.996,1.0582432
1.185,1.2256937
1.569,1.3329651
1.472,1.3638477
0.858,0.85329497
5.00001,3.166388
1.709,1.8286746
2.579,3.1843293
1.643,1.6763542
4.389,3.434222
0.98,1.2809948
2.887,2.59348
2.032,2.4612813
2.836,2.6868224
1.625,2.7679403
0.953,0.92485875
1.617,1.4528801
1.875,1.6268669
1.58,1.4922009
4.561,2.9527066
1.029,1.2323571
1.654,2.0725505
0.544,0.43052077
1.472,1.574826
0.95,0.97618055
1.43,2.0812178
0.972,1.2157512
1.129,1.1311916
1.733,2.3649578
3.931,2.8679204
0.63,0.730359
2.973,2.285659
2.421,1.964168
2.939,3.140708
1.131,1.5866331
1.372,1.3806741
2.971,1.5291591
2.435,2.472407
0.988,0.84769315
2.448,2.6260543
3.278,3.0269477
4.375,4.1072216
1.635,1.9067369
1.024,1.6253915
1.122,1.2399695
1.659,2.1218019
2.5,2.89625
1.581,1.8088232
0.875,1.0034884
1.35,1.6058118
0.795,1.4527546
1.621,1.1712625
2.284,1.8261062
1.406,1.7441837
0.713,1.6941108
2.663,2.6706893
0.813,0.73511475
1.85,2.4233844
3.293,3.7251108
1.688,1.490518
1.104,1.4894835
5.00001,3.8100994
0.857,1.2778746
0.633,0.38210946
5.00001,4.880527
1.838,2.0412276
1.507,1.3747199
2.429,2.4728346
3.267,2.799242
2.204,2.1353297
2.407,2.0974498
5.00001,4.8865104
0.984,0.8677947
1.669,2.0193264
2.054,1.9669102
0.901,1.137565
1.898,1.7689468
1.625,1.0405536
3.337,2.960872
0.851,0.9779249
1.344,1.0778784
1.446,1.8485842
2.15,1.9897509
0.975,1.2719725
2.1,2.8116817
3.12,2.9558973
3.0,2.8017669
2.024,1.9783992
2.541,3.5202637
1.16,1.344616
1.67,1.6453371
3.969,3.813196
2.27,1.843179
5.00001,4.041618
5.00001,4.470351
1.99,1.9807822
3.691,4.0553765
0.225,1.0379553
0.957,0.9707015
3.659,4.0510836
2.158,2.2960594
2.055,1.8345793
5.00001,4.064473
2.508,1.9936178
3.636,3.829644
2.942,3.597859
1.714,1.6202064
2.613,2.267838
1.149,1.0945785
2.584,2.15266
1.063,0.9627414
0.989,1.3413213
2.42,1.88339
1.461,1.4514486
1.546,1.6510876
1.975,1.6785839
2.896,2.9933715
3.257,2.4289286
0.533,0.6756336
0.878,1.2986257
1.783,1.9304785
1.971,1.7632025
1.234,1.531467
2.929,2.8754172
1.098,1.3590358
1.242,2.1337698
0.573,0.6184853
4.047,3.7432811
1.875,2.489198
0.637,0.7718495
1.012,1.5661684
5.0,4.5903378
0.455,0.6469874
4.635,3.637424
1.813,2.1938062
3.074,2.379661
3.718,4.316276
0.56,0.8387941
2.893,2.0081992
1.282,1.3820184
2.714,2.2640493
1.821,1.9304606
2.194,2.095194
0.784,1.1333928
0.961,1.1963984
3.947,4.1462884
2.225,2.4019718
0.875,1.2124271
1.375,1.51044
2.461,1.6483895
1.757,1.9075001
1.641,1.5652329
1.328,1.282841
1.292,0.83862966
2.241,1.7446045
1.039,0.78619826
1.128,1.03437
2.438,3.0619814
0.886,1.0486805
1.861,2.8569555
1.861,1.1601592
1.609,1.7221133
1.492,1.321705
0.764,0.72049224
5.00001,3.9625282
0.956,1.110477
2.375,3.2861574
4.183,4.0633917
1.975,2.2459345
0.664,0.77347994
2.69,3.5582416
2.19,3.3091457
1.569,1.6982802
1.342,1.5824728
2.042,2.2009256
2.188,2.826388
1.818,2.8260474
1.685,2.0541272
2.992,2.448776
1.66,1.4668713
1.935,1.7243282
2.125,2.471346
3.862,2.7143571
2.684,1.9739212
1.281,2.162456
2.712,2.6819494
0.884,1.1753684
1.015,0.94724196
4.955,3.8611145
1.673,1.2851903
1.413,1.6251829
5.00001,5.2652802
3.213,3.2333806
0.821,0.8715585
0.929,1.381308
1.68,1.5337666
1.35,1.4598905
2.431,2.2059577
1.571,1.8129334
0.979,0.94317406
1.777,1.7947408
1.318,1.2283173
2.688,3.4027278
3.143,2.129667
1.836,2.228684
1.0,0.51616395
2.322,2.6858099
1.381,1.463223
1.625,1.5270565
4.573,3.2791302
1.392,1.3479476
2.445,2.5010185
0.616,0.4651446
2.37,2.1703267
1.125,1.2967523
1.223,1.5529327
5.00001,2.757494
1.101,1.5721726
3.009,3.5211678
1.675,1.4513233
2.464,2.9269528
2.793,3.8370166
4.14,3.0391467
0.587,0.48167345
2.949,3.6923218
3.652,3.4427454
3.683,3.1300237
2.392,1.8809835
1.214,1.8676102
2.15,2.1511183
1.139,1.3665175
2.364,2.3134177
1.717,2.1655147
2.485,2.957285
0.582,0.57597196
0.678,0.45519403
0.757,1.3709471
1.78,1.8033271
0.604,0.534754
2.261,3.1913056
1.795,2.032624
1.582,1.9744453
2.786,3.1410935
4.808,3.929367
1.923,1.6794189
1.417,1.057599
3.308,3.0285563
1.0,0.91056395
1.032,1.2663798
0.535,0.4897882
1.857,1.6239321
1.929,1.6568886
2.56,2.8472598
1.385,1.4941941
0.696,1.2501647
2.468,3.371154
2.659,2.776311
1.625,1.2145321
3.227,3.6882663
1.489,2.0604107
4.29,3.913291
5.00001,4.4523726
2.541,2.7498019
3.281,2.931045
1.691,2.0050585
2.554,2.489826
0.764,0.92466205
1.514,1.9244857
3.111,2.5654843
1.875,2.1831121
2.132,1.9669152
2.083,1.7874981
2.028,2.2882442
0.901,1.7218332
0.924,1.2148858
1.365,1.0122069
0.922,0.59240067
0.794,0.62404895
0.955,1.0442699
2.492,2.1274767
1.117,1.3277968
1.906,1.5753081
1.918,2.012032
5.00001,4.087421
0.508,1.1440886
1.635,1.0565109
3.689,4.0572863
0.57,0.777594
0.75,1.2381872
2.29,2.5853574
3.409,3.0844896
2.766,2.8060045
1.884,2.1458607
0.739,0.71396977
1.5,2.0509143
1.471,1.3315041
1.863,1.5701277
2.349,2.1828258
1.225,1.3257035
3.989,3.2446504
2.5,3.5553255
1.136,1.5178111
2.448,2.7462113
2.25,2.0265958
1.869,2.7697842
3.097,3.1844742
1.306,1.6460373
3.423,2.9098427
0.65,0.8621087
2.789,2.1090996
1.688,2.5279338
4.184,3.539467
1.09,1.2654163
1.601,1.8040774
3.45,3.5527003
4.188,3.7839983
2.091,2.2987673
0.975,0.97210807
5.00001,4.5923066
1.086,0.61376476
1.333,1.4698583
0.509,0.57023126
3.116,3.2361357
3.655,3.6414325
1.75,1.5883263
1.703,1.3837668
2.795,3.0674217
1.259,1.7660187
1.557,1.7101951
0.833,0.78988147
1.563,2.5179572
2.148,2.705437
1.103,0.8694765
1.65,1.0267408
3.495,3.5101328
5.00001,5.390724
1.257,0.98579085
1.931,2.052638
5.00001,4.926433
1.996,2.4153726
5.00001,3.6446025
1.634,1.774309
1.375,1.13412
1.215,1.3915675
3.812,3.4602814
1.119,1.4003974
0.58,0.8136077
0.638,1.092786
3.632,3.1561964
2.064,1.8520561
3.708,2.7711778
0.818,0.89112514
2.715,2.2904005
1.97,2.2517374
0.734,1.0136443
3.017,3.5399454
1.196,1.6148176
2.581,2.31581
0.175,2.8757505
1.457,1.7595524
1.02,1.2051773
4.0,3.5135012
0.992,1.0974705
4.854,3.7016098
4.771,4.582611
0.669,0.5487149
3.754,4.487893
1.696,2.1558783
2.476,2.9106297
1.647,1.6692588
3.094,3.3211591
1.853,1.9218462
2.302,2.3754756
1.561,1.5037085
3.025,3.2506945
0.978,1.147287
2.513,2.852865
2.813,2.5434246
1.531,1.1435658
3.556,4.0700254
1.013,1.2006534
2.66,2.2028995
1.607,1.5212739
3.058,2.757164
1.475,1.5276091
1.863,1.707657
1.626,1.897568
4.847,3.591002
1.75,2.1578486
1.272,1.1199102
3.651,3.1668694
2.365,1.804027
2.14,2.7242525
2.258,2.8022916
1.289,1.1292421
0.735,2.0788517
1.147,1.3957472
1.75,1.7119672
3.181,2.1817992
3.312,3.0514781
1.925,2.345238
1.595,1.4221207
1.627,1.7891337
0.673,0.9097741
2.129,1.6263595
1.406,1.479187
1.865,1.4638966
3.932,3.9817624
0.553,0.50212777
4.098,3.5122232
1.918,1.9648631
0.995,1.1823028
1.75,1.5867712
1.58,1.4492164
1.069,1.3936291
2.772,2.1231213
3.267,2.660935
0.96,0.5114533
4.318,4.860803
1.722,1.8217156
1.125,1.1712868
2.25,1.1565582
2.595,2.2879674
2.915,2.832431
0.504,0.5574754
1.5,2.8102248
2.246,2.614197
1.306,1.4818064
0.697,0.9146529
3.53,2.6734505
2.312,3.2519038
2.051,1.778062
3.981,3.6711657
1.413,1.640893
1.733,1.6894636
1.279,1.0546274
2.895,2.1241076
0.959,1.1176172
1.334,1.5776038
1.468,1.5755405
1.813,2.552079
0.546,0.5487653
0.555,0.44582477
1.5,1.6955434
1.028,0.78963006
0.933,0.8788263
1.231,1.4131255
2.318,1.3017101
1.595,1.6627724
1.083,1.0143784
0.431,0.39139113
1.056,0.86102265
1.683,1.6510258
0.283,1.324582
2.829,2.890579
2.343,1.984585
2.125,1.0690166
2.056,1.861802
1.5,2.4155235
1.93,1.8622788
0.14999,2.3047442
1.7,1.5974144
1.683,1.5638032
0.935,1.291593
1.918,2.421263
1.815,2.1770437
1.954,2.1694345
1.219,1.8021848
1.426,1.8443996
1.583,1.4695721
1.653,1.2115688
1.55,1.4249494
0.921,1.0659614
0.681,0.45563257
2.763,2.7628746
3.352,4.0589604
1.211,0.9836201
1.771,1.5508227
1.875,2.0490038
1.92,2.2405553
3.012,2.6086426
1.591,1.4240978
5.00001,5.218798
2.737,2.4577937
2.339,2.2978215
5.00001,2.7209647
2.228,2.685119
1.402,1.6003718
1.598,1.6618509
1.188,1.389317
5.00001,3.4022787
1.055,1.4465879
2.178,1.9913969
1.875,2.0522122
2.873,3.4552994
1.31,1.710482
0.558,0.58056355
1.619,1.8489574
2.536,2.2401564
1.55,1.4685138
3.115,3.257845
0.878,0.9376604
1.058,1.1511458
1.37,1.6045738
1.563,1.7111084
1.547,1.4728514
1.674,1.5119776
4.578,3.7628803
5.00001,3.7372358
1.883,2.9033446
4.429,3.4062643
5.00001,4.708889
5.00001,5.055668
1.875,1.7334821
0.574,0.47331986
3.875,2.3603406
2.72,3.276091
1.676,1.215167
4.037,2.85311
1.917,1.3956807
5.00001,2.731342
1.871,2.0058606
0.964,1.2822384
0.924,1.1995865
2.139,1.7681435
1.55,1.8724792
1.33,1.6256435
2.75,1.7675602
2.385,2.1368587
1.583,1.3300865
0.705,0.7194895
2.223,1.8132087
4.119,4.1530046
1.851,1.898303
5.00001,3.027311
1.398,1.4960393
1.781,1.5284231
1.593,2.0817196
1.25,1.1181977
1.971,2.524362
0.64,0.6511432
1.946,1.8730621
1.625,1.0657381
0.844,0.37883902
0.613,0.92704546
3.682,3.7611852
1.221,1.6151023
0.861,1.3970449
2.099,2.1301868
1.708,1.5680821
1.75,1.4003402
1.266,1.1180866
2.822,3.018024
2.077,2.2923062
1.042,1.969309
2.143,3.3980265
0.803,0.8919434
2.731,2.0105402
2.375,2.1870334
0.738,1.2006267
1.844,1.7148587
3.42,2.8298461
1.297,1.4302353
2.24,2.7990859
1.569,1.1354787
3.949,2.4370174
1.577,2.0264115
1.199,1.2265097
3.169,3.354631
2.125,2.6577573
0.683,0.72270375
1.651,1.8033487
0.936,1.0858883
0.888,1.0533452
1.847,1.9029515
3.271,3.4099858
1.343,1.1548936
5.00001,2.5668042
1.621,1.85211
5.00001,4.989662
2.292,2.145397
1.125,1.0901446
3.542,2.353104
3.621,3.2356122
1.625,0.99030584
1.005,1.3742405
0.677,0.56382936
0.571,0.6245428
1.648,2.2742653
2.042,2.0532906
3.424,3.3658137
1.815,1.2414863
3.045,2.959607
2.353,2.448587
1.053,1.8645232
2.914,2.5464575
1.596,2.2046282
1.118,0.86307454
1.196,1.3337457
3.297,1.7213281
1.367,1.8570333
1.014,0.8312385
1.186,1.1176201
1.333,1.5233872
0.525,0.58686966
2.346,2.571067
0.75,1.060437
1.763,1.7804974
3.468,2.8590226
2.518,2.5487933
0.542,0.7325553
0.675,0.85475624
1.425,1.8963742
1.016,1.2962322
2.273,2.8299928
3.372,3.4596932
1.188,2.0184815
0.675,1.1000477
2.02,2.4175673
0.942,0.91147363
0.962,0.8009307
2.25,2.5390108
2.587,2.034391
1.031,1.2705908
1.172,1.3317243
1.648,1.4258133
1.44,1.5670291
5.00001,4.287827
1.554,1.5568533
1.147,1.0683582
1.231,1.7021314
2.268,2.0266552
1.804,1.3493758
3.109,3.6842065
1.488,1.5921481
0.847,1.2608633
0.637,0.82497156
2.62,2.3723767
4.381,4.0980415
2.265,2.0524223
0.876,1.0204039
3.455,3.5629618
1.401,1.213684
3.667,3.2577958
2.708,2.5230868
1.688,1.9331838
2.938,3.6884265
2.518,3.0018902
0.851,1.0301754
2.675,2.65658
1.409,1.7749588
2.855,1.6233501
1.513,1.2086296
2.25,3.4348693
0.446,0.6548777
4.5,2.3289533
2.293,2.9472153
2.25,0.61636305
1.38,2.142853
0.969,0.73085564
1.612,1.8829471
1.443,1.1933526
4.5,3.070504
1.225,1.2105838
2.487,2.383127
1.342,1.3971258
3.481,3.8138757
0.783,0.98149884
1.078,1.0060172
1.469,1.6315782
1.883,1.5695962
1.625,1.4434317
0.586,0.5324739
1.837,1.7101008
1.804,1.7659894
1.75,1.6159708
1.372,2.1904507
1.1,1.9826021
2.334,2.1530228
1.283,1.0084593
3.5,3.3280547
1.552,1.6956488
2.567,2.6628957
0.859,0.999187
0.732,0.633809
2.583,2.5720453
0.628,0.77465594
4.85,3.4775333
1.24,1.4709597
1.585,1.8740621
0.973,1.2205055
1.867,1.9187584
3.441,3.5749738
1.667,1.4435002
1.089,1.0448837
4.829,4.0524936
2.044,2.914936
2.307,2.2210903
0.53,0.6778191
1.785,1.7764447
5.00001,3.5638962
5.00001,4.064859
0.849,0.90212595
5.00001,3.6937177
2.468,2.5864277
1.563,1.4577856
2.346,2.0475218
0.488,0.696347
1.458,1.9691768
2.715,2.358008
5.00001,3.8112237
0.875,1.3136044
0.691,0.5760277
1.393,1.3471323
2.734,2.794037
2.297,1.9344741
0.682,0.9163571
1.143,1.3412222
1.599,2.3209178
1.166,1.293486
2.099,1.9148526
0.689,0.57497406
1.014,1.2162031
2.14,2.1294813
3.553,3.2290807
0.903,1.4984807
1.593,1.8443382
0.639,0.74254704
2.182,2.3672614
2.536,3.212541
0.813,1.2518688
1.886,2.1836936
1.654,1.9401647
1.063,1.4024396
2.101,2.3122158
1.476,1.71843
1.125,2.4694703
1.75,1.6353703
1.566,1.543529
1.173,1.5052446
2.292,1.8912076
3.5,1.8655753
1.719,1.8491243
1.993,1.9522687
2.516,3.1193063
3.0,3.2210674
1.589,1.8391081
2.168,2.3368423
1.98,2.0143735
3.561,4.014155
1.923,2.1421888
3.145,2.7235587
0.5,0.7813012
1.625,1.6999846
1.671,1.6391988
1.388,1.223404
1.476,1.6601342
2.385,2.332924
1.107,1.360734
3.338,3.586952
1.921,2.0340424
2.94,2.0917945
1.545,1.3634775
1.519,1.7373918
5.00001,4.92959
3.229,2.7884438
1.656,2.404716
2.212,1.589677
1.704,1.7515218
1.987,2.115681
1.625,1.5506855
4.112,3.7703538
3.355,3.120222
1.491,1.3765225
3.815,3.8883932
1.839,1.808731
0.912,1.7218785
4.115,4.029891
2.203,2.6697695
1.581,1.8125666
0.696,0.79334015
2.705,2.834811
2.616,2.5647116
3.895,3.3329556
0.75,1.2035638
1.776,2.0202484
1.704,1.1075698
1.542,1.537081
1.319,1.4873221
0.444,0.6103241
1.45,1.585124
2.241,2.9915302
1.875,1.7179078
1.929,2.2110941
0.886,0.91959023
1.839,1.7465687
2.25,2.7140038
1.828,1.5425869
1.376,1.5857968
2.653,2.4030788
0.366,0.68735033
1.255,1.5827197
1.386,1.8583289
4.871,3.3301952
1.786,1.7583303
1.345,2.2806194
3.067,3.309464
1.158,1.5683421
0.914,1.425235
2.109,1.873173
2.592,2.892382
3.473,3.5937388
1.684,1.9472529
1.509,1.5095136
1.135,1.301272
3.026,2.882081
4.233,3.0700517
4.922,4.1938047
1.906,1.8701452
2.45,1.8302962
0.557,0.82538897
0.84,1.3936
2.75,2.8629467
1.896,1.8593613
2.759,2.4407794
3.198,3.4216456
2.917,2.669292
0.679,0.87401813
1.89,1.9808728
0.9,1.0834577
3.35,3.134272
1.767,1.5141344
0.985,1.2948308
2.006,2.0777469
0.602,0.75382096
1.919,2.6034415
1.911,2.0439665
3.373,3.291867
2.25,3.6288142
2.906,2.4126055
1.215,1.1917728
2.932,3.1169057
1.07,1.2702819
2.664,2.5023994
0.769,1.154329
2.203,1.6289086
1.011,1.0757314
4.746,3.885428
0.653,0.98177284
1.137,1.1981984
2.142,2.0473666
2.167,2.2104313
1.984,2.039255
2.122,2.4371927
2.227,3.9184074
2.659,1.9825052
0.375,0.7949722
2.65,2.613391
1.087,0.9506567
0.467,0.33873716
1.875,2.5427506
0.616,0.7431057
3.43,3.4883418
1.66,2.0521982
5.00001,2.6943963
1.375,1.8257405
0.906,0.8634264
0.77,0.92799264
1.481,1.7447027
0.916,1.3445792
1.509,1.9437006
1.551,1.6076714
0.892,1.0067176
2.154,1.8273503
0.551,0.7463943
1.974,1.9432142
1.544,1.7731375
1.417,1.7843182
0.984,0.80661994
1.526,1.6273991
1.096,1.3891388
1.713,1.7384185
1.041,0.96958524
1.539,1.8267182
2.7,2.7497425
2.865,2.722345
3.35,2.5232081
1.377,1.4524431
2.32,2.1646678
3.938,3.453248
0.703,0.92524964
1.417,1.3745719
1.563,1.5276705
4.5,3.3579528
1.998,1.8390787
0.953,1.1983751
0.869,1.4200141
1.875,1.6766652
2.218,1.8561944
0.588,0.6148489
1.344,1.8008635
2.386,2.461273
1.609,1.7138251
1.364,2.0400841
1.44,1.4536027
1.593,1.8331494
1.553,1.6260345
1.426,1.9177943
1.207,1.1371326
1.262,1.8211656
2.134,2.165738
1.169,1.3374062
1.858,1.7638897
3.56,3.8827267
1.5,1.2199787
0.889,0.9378981
2.591,2.6356368
5.00001,3.9196348
1.276,1.3037983
0.699,0.79497063
1.37,2.232843
2.737,2.6854806
0.92,1.0817643
1.183,1.6034564
4.108,4.331126
1.005,1.1878289
4.929,3.4311967
1.185,1.2516468
1.135,1.2918892
0.899,1.8081336
5.00001,4.158472
5.00001,4.911729
1.463,3.2373056
1.135,0.98418725
2.75,2.1303837
1.025,0.8751302
1.471,1.5843259
2.25,2.2965348
1.394,1.4105757
1.758,1.790487
0.57,1.0857021
2.696,1.7482417
2.729,2.3516264
0.762,1.0258507
4.841,4.53057
1.806,1.5825868
2.38,2.092297
1.375,1.0973189
1.863,1.4343525
1.929,2.4377506
0.845,0.74376446
1.076,1.5042764
0.555,0.55377823
2.653,2.1309907
3.883,3.788887
4.827,3.9177654
1.981,2.4294662
0.927,0.7502825
3.462,3.4544964
0.388,0.70645916
0.567,0.5233835
1.237,1.7697878
0.938,0.92071813
0.932,1.0465454
0.44,1.1062577
0.692,1.0143492
3.018,2.6541386
2.542,2.1772246
2.098,2.251764
1.845,1.9188006
0.734,0.72859144
3.39,3.2604563
0.931,1.0360432
2.023,2.0174572
1.333,0.85004276
2.707,3.0178225
2.402,2.9584541
1.393,1.4606167
0.57,0.54631937
1.707,1.1676667
1.192,1.4297699
1.773,1.8920236
2.896,2.863558
2.976,2.9114308
1.099,1.3371778
1.475,1.6930157
0.787,0.8907791
1.603,1.8844708
0.777,1.29152
4.735,4.6389775
5.00001,4.5047755
1.331,1.4067389
0.935,0.8072304
2.801,3.1829498
2.567,2.0556808
2.88,2.4603887
1.611,1.7706095
1.37,1.6858579
0.62,1.182862
4.438,4.2328515
0.683,0.7969956
2.621,2.6616316
1.094,1.3005521
4.093,3.6344788
1.752,1.8075005
1.477,2.0887976
2.875,1.8297029
0.932,1.1858226
0.938,1.4324214
1.724,1.7283248
3.186,3.086079
1.852,1.759234
0.652,0.6871938
1.797,1.5722139
1.592,1.5662917
1.519,1.8536766
0.717,1.0254959
2.452,1.6724687
2.283,3.6926196
1.964,2.1356077
1.924,1.5429106
0.659,0.5222349
2.823,2.4527786
1.853,1.4899901
0.886,0.8843081
0.675,1.1014315
1.434,0.8647464
1.194,1.0230291
2.158,3.1579194
2.574,2.5966756
3.734,2.8216002
1.523,1.4035276
2.457,2.3708973
0.8,0.76546943
1.372,1.092408
2.669,2.4977798
3.953,3.7330372
2.221,2.2749248
5.00001,3.2817254
5.00001,3.6791162
2.329,2.3362596
2.597,3.3539016
2.157,1.9323651
2.432,2.370284
2.214,1.8974992
1.125,0.9617301
3.885,2.6723964
4.1,3.3404615
1.63,2.1060994
5.0,3.6863127
2.313,2.0446877
0.761,0.9389543
4.586,3.0128374
3.663,3.343087
2.968,2.73866
0.586,0.59914887
0.848,0.48238048
1.173,1.8221706
1.266,1.1019139
1.708,2.0262985
1.493,1.6687385
1.19,1.2033231
3.75,3.0673857
2.849,2.8118033
1.701,1.2812289
5.00001,3.5388627
0.987,1.3823345
0.608,0.6198695
1.428,1.3112867
2.239,2.164945
1.375,1.9299526
2.978,3.2069724
1.127,1.1948673
1.133,1.0067976
1.214,1.4035808
2.484,2.5593977
4.078,3.5990891
3.566,3.7251575
1.063,1.0551603
1.214,1.2280421
2.409,1.9634732
2.471,1.8351095
1.379,1.0051959
0.863,0.80057347
5.00001,4.06854
2.163,2.3471453
3.056,3.529374
1.583,1.8661642
4.521,3.5058606
0.95,1.260211
1.057,0.7468232
0.846,1.0646846
2.401,2.0717967
1.625,1.4901179
0.966,1.189163
0.922,0.9365211
2.282,1.9662478
1.137,1.4799279
0.69,0.7004011
5.00001,4.335619
2.25,2.3569353
1.74,1.6099497
5.00001,4.8689384
2.53,2.9666324
2.776,3.655699
2.852,2.6784718
0.903,1.0135924
1.899,2.1008394
3.166,2.8690836
3.019,2.9626875
0.931,1.0390364
0.942,1.110174
2.138,2.1850436
1.875,1.7287303
5.00001,4.336202
3.257,3.6964254
3.0,2.2698355
1.439,1.6608065
5.00001,5.2332387
2.641,2.7032862
0.623,0.9670417
1.388,0.99310017
1.054,1.3201178
0.635,0.731547
5.00001,1.9001731
0.978,0.98208755
1.274,1.6324553
1.353,1.8372607
1.561,1.4195739
4.468,4.162439
0.65,0.728399
1.518,1.5411704
1.922,1.9698409
1.531,2.254579
1.658,2.038009
2.542,2.7057195
2.342,2.8556278
1.125,0.9569352
1.187,1.4278792
2.409,2.5020397
2.833,3.9193592
4.5,1.1910242
0.521,0.6136403
0.559,0.6844094
0.881,1.3770449
2.489,2.0701535
0.686,1.1505275
1.563,1.6525667
2.727,3.1835506
3.404,3.568684
2.188,1.9351064
0.701,0.7763955
5.00001,3.248501
1.625,3.949321
1.118,1.2896057
1.102,1.5238285
0.742,0.67084205
1.032,1.0537
1.721,1.5827956
1.32,1.3571995
1.663,1.4286491
1.073,1.2060775
1.079,1.1099142
0.946,1.0790637
0.661,1.2346512
1.582,1.5936571
0.958,0.9398089
1.17,1.0328685
1.709,1.8959991
0.929,1.158525
1.625,1.5566537
1.938,1.6302041
1.346,1.2416003
1.231,0.73621136
1.157,1.513879
0.835,1.0465758
0.622,0.5583027
0.744,0.8569863
1.801,1.69026
1.958,2.3562033
5.00001,4.56474
1.443,1.3578801
1.254,0.9792541
0.808,0.90272677
0.659,0.9045668
1.579,1.8519307
5.00001,2.6971567
1.808,2.387319
2.362,2.7157693
1.03,1.2276446
2.169,1.8622063
3.833,2.9320362
5.00001,2.4009824
0.835,0.91216093
2.144,2.4482596
1.0,0.9741701
0.788,0.8494225
0.976,1.3133563
1.784,2.3885622
2.871,3.0411797
2.701,3.4108088
1.855,2.3329546
0.906,1.1565479
2.136,1.8371265
1.243,1.1810416
2.05,1.1372486
2.567,2.6375508
3.927,4.4100547
1.333,1.1579156
1.871,1.662221
2.554,2.9093354
3.474,2.9528384
1.717,1.4562105
1.125,1.9924039
0.826,1.0462235
0.486,0.510803
1.341,1.9342808
2.258,1.9366995
5.00001,4.6769958
4.7,4.2414594
2.258,2.5039222
1.58,1.960149
1.171,1.1221151
4.163,3.910986
1.208,1.4636116
2.263,2.387511
1.222,1.3288276
1.0,1.1138651
2.295,2.1989534
1.958,1.0927886
0.85,1.468547
2.647,2.0762784
4.555,4.294887
1.76,1.6847321
0.811,1.1258092
1.664,1.9330722
0.826,1.0388747
2.722,2.407021
2.711,3.081644
2.394,2.7609634
1.718,1.9465684
1.218,0.8895557
1.736,1.9515615
2.393,2.5105095
0.588,0.7361012
2.875,3.1027634
0.707,1.5006987
1.817,1.9117991
1.137,1.2038442
2.241,2.393349
3.513,4.091703
3.013,2.657994
0.807,1.6818718
1.526,1.5409093
2.374,2.6404917
1.794,1.7237558
5.00001,4.7035522
1.702,1.9763963
1.653,1.5794127
2.259,2.772687
1.597,1.4675876
3.635,4.059801
1.321,1.3443068
3.768,3.5348084
0.969,0.8054144
3.162,3.827644
3.238,3.305477
3.875,3.9136794
1.491,1.4623985
5.00001,5.4537797
2.25,1.1929331
1.788,2.1045218
0.875,1.140932
1.301,1.1856407
5.00001,4.1366186
3.49,3.0164719
0.73,0.84951746
2.447,2.4436386
2.754,2.276187
2.462,2.728361
2.362,1.8710395
2.322,3.0994883
0.533,0.4580803
1.631,1.2027558
0.724,0.9148906
2.345,1.9616143
1.5,1.7683111
1.161,1.5271509
1.813,1.8316748
1.21,1.5590034
0.887,1.0291505
1.825,1.822467
1.974,2.2699893
1.281,1.3488075
0.765,1.047315
3.0,3.2502842
5.00001,4.4632597
1.603,1.8350056
3.356,3.6855242
1.576,1.4791057
1.906,2.5350714
1.808,2.0227642
1.042,0.89614516
1.118,1.5539743
1.941,1.879137
2.538,3.4320028
1.295,2.4655654
1.176,1.5289662
3.398,3.8600612
3.429,2.9537861
1.955,1.8541818
0.838,0.7265609
0.942,1.1051973
1.406,1.1654369
1.609,2.7289364
1.693,1.7964534
2.759,2.640446
1.462,1.5592384
2.023,1.6878241
1.54,1.1772572
1.355,1.5006223
2.359,2.5124722
1.288,1.2773154
2.496,2.1329396
3.0,2.5486104
1.341,1.6207743
3.086,3.636692
3.5,3.1602383
1.108,1.2112242
1.908,2.0824912
1.088,0.9231803
1.444,1.5393997
1.629,1.5356681
1.639,1.8744558
0.98,0.73246634
1.327,1.3382518
2.831,2.3275778
4.072,3.6586556
2.482,2.6415055
0.645,0.8455246
5.00001,3.247367
1.944,2.6889946
1.375,1.9603375
1.273,1.2677153
0.853,0.9777153
1.949,1.8314627
2.211,2.0331895
1.922,1.8616213
4.045,3.0282307
0.735,0.81408036
2.337,2.0437727
1.188,0.9972587
0.7,1.2004248
1.828,1.56857
5.00001,4.580794
1.577,2.4641244
2.479,2.6151452
5.00001,4.0459423
3.579,2.873561
0.569,0.6542569
3.024,3.712277
1.254,1.4497269
3.864,2.778947
1.756,1.7373294
1.105,1.1971631
3.867,4.7601643
1.375,1.7784151
2.287,2.5066888
1.494,1.955819
0.737,0.8320355
5.00001,3.3587062
1.321,1.276157
0.865,1.0151362
4.179,3.6549828
1.726,1.423129
0.997,0.8692732
0.725,1.1451179
1.808,2.1330333
3.084,3.0008323
2.883,3.129889
3.022,2.722125
2.888,3.824482
1.0,1.3950316
2.33,2.123332
1.369,1.5629399
2.094,2.6402729
2.466,2.789462
0.652,1.448168
4.912,3.3985283
3.567,3.3003504
1.643,2.198415
0.882,1.1408739
1.559,1.4672974
1.917,1.9356099
0.844,1.2442153
1.901,2.6062906
1.125,0.7926813
1.152,1.7514365
1.746,1.7590216
1.135,1.261341
1.524,2.047989
2.503,2.3980865
1.837,1.8399605
5.00001,2.573086
3.109,3.075838
2.306,1.994906
0.685,1.248588
2.674,2.722479
1.453,1.6581473
2.82,2.837452
2.821,1.3006681
1.898,2.0021303
2.544,2.678771
1.617,1.5884517
1.888,2.003765
5.00001,3.288881
0.944,0.71863884
3.428,2.5508618
1.915,2.8989885
2.096,2.010464
2.35,2.2188532
2.314,3.367225
1.302,1.8947066
2.082,1.8627665
5.00001,5.1916075
1.686,2.0457892
2.281,2.0352423
1.269,1.8306768
1.355,1.360663
1.567,1.8227528
2.086,2.1539674
4.367,2.2245834
0.71,0.6055167
0.888,0.856846
3.416,3.358736
1.202,1.0863364
1.482,1.3880874
5.00001,4.127936
3.75,2.576745
1.375,1.6432655
0.648,0.80075777
2.318,2.5893147
1.607,1.885034
2.51,2.1365054
1.425,1.6918083
1.765,1.6559633
1.771,2.592764
3.118,3.6510508
0.846,1.0958692
1.226,1.0575505
1.982,2.049278
5.0,3.7909136
2.798,2.939872
1.95,1.9874718
2.028,1.6720415
3.541,3.3648162
2.595,2.754221
5.00001,3.0658028
2.724,2.8522666
1.839,1.5908884
2.858,2.2953608
2.25,2.1719115
2.926,2.431308
0.552,0.36496487
2.62,1.9926113
1.589,1.6468003
1.721,2.2006807
1.917,2.0153246
2.25,2.239909
1.083,1.2192458
1.136,1.0644189
1.0,1.3684689
1.917,1.7752111
1.172,0.94692135
1.106,0.9323006
0.802,1.0436765
0.981,1.7643462
2.538,2.3419054
0.481,0.43628687
1.928,1.7587695
1.328,1.1424264
1.963,1.7485964
3.208,2.7828808
3.194,3.4735646
2.037,2.904671
2.071,2.5226386
0.799,0.7999359
5.00001,3.6917768
3.3,1.7605691
1.39,1.4500484
1.875,1.9108115
4.483,2.9789112
1.763,1.7203938
1.759,1.1326166
1.042,1.4776157
1.622,1.7235533
1.668,1.7652382
1.612,1.480053
1.531,1.7296335
1.569,0.7973342
1.581,1.7102832
0.769,0.80586225
1.654,1.7538184
0.735,1.5519567
1.184,1.3163152
1.424,1.5769525
2.803,2.8505287
1.072,1.2672793
1.833,1.8299074
0.988,0.7361619
2.345,1.9834208
1.435,1.6510398
1.08,1.7716231
0.978,0.60265565
0.705,0.7768752
2.259,1.5540006
2.398,2.463252
1.364,1.6531347
1.806,1.7513078
2.396,2.2478406
2.657,2.8275084
2.042,2.2837083
1.225,2.0243263
2.04,2.791189
1.953,1.9018633
2.158,2.018052
5.00001,4.3203115
0.758,0.82906026
2.654,2.98677
2.737,3.7890224
1.164,1.3662717
0.594,0.6663306
1.37,1.113795
1.192,0.7773793
2.442,2.796945
1.7,1.8242456
2.803,3.70802
2.85,3.5962837
1.026,1.4689335
1.205,0.9233047
3.616,4.3378553
4.553,4.363714
2.134,2.6775393
1.58,2.2608676
2.17,2.0462584
0.637,0.51567024
2.443,2.9853702
1.511,1.8698342
1.108,0.9991157
4.338,4.3236246
0.729,0.81705457
1.085,1.4114025
4.526,4.163296
4.676,4.4812183
2.633,2.2213721
2.668,1.5808064
5.00001,4.75858
0.723,0.8576403
1.515,1.9318572
